{
    "apiVersion": "v1",
    "items": [
        {
            "apiVersion": "v1",
            "kind": "Pod",
            "metadata": {
                "annotations": {
                    "kubernetes.io/limit-ranger": "LimitRanger plugin set: cpu request for container parsec-blackscholes"
                },
                "creationTimestamp": "2023-05-22T14:49:01Z",
                "generateName": "parsec-blackscholes-",
                "labels": {
                    "controller-uid": "b95826f8-e28b-4e99-ba0c-2f3a20456d22",
                    "job-name": "parsec-blackscholes"
                },
                "name": "parsec-blackscholes-mjmjw",
                "namespace": "default",
                "ownerReferences": [
                    {
                        "apiVersion": "batch/v1",
                        "blockOwnerDeletion": true,
                        "controller": true,
                        "kind": "Job",
                        "name": "parsec-blackscholes",
                        "uid": "b95826f8-e28b-4e99-ba0c-2f3a20456d22"
                    }
                ],
                "resourceVersion": "2991",
                "uid": "7bb09704-28c3-485a-9f85-e994866f4ba9"
            },
            "spec": {
                "containers": [
                    {
                        "args": [
                            "-c",
                            "taskset -c 0 ./run -a run -S parsec -p blackscholes -i native -n 1"
                        ],
                        "command": [
                            "/bin/sh"
                        ],
                        "image": "anakli/cca:parsec_blackscholes",
                        "imagePullPolicy": "Always",
                        "name": "parsec-blackscholes",
                        "resources": {
                            "requests": {
                                "cpu": "100m"
                            }
                        },
                        "terminationMessagePath": "/dev/termination-log",
                        "terminationMessagePolicy": "File",
                        "volumeMounts": [
                            {
                                "mountPath": "/var/run/secrets/kubernetes.io/serviceaccount",
                                "name": "kube-api-access-k2hmf",
                                "readOnly": true
                            }
                        ]
                    }
                ],
                "dnsPolicy": "ClusterFirst",
                "enableServiceLinks": true,
                "nodeName": "node-a-2core-2cm2",
                "nodeSelector": {
                    "cca-project-nodetype": "node-a-2core"
                },
                "preemptionPolicy": "PreemptLowerPriority",
                "priority": 0,
                "restartPolicy": "Never",
                "schedulerName": "default-scheduler",
                "securityContext": {},
                "serviceAccount": "default",
                "serviceAccountName": "default",
                "terminationGracePeriodSeconds": 30,
                "tolerations": [
                    {
                        "effect": "NoExecute",
                        "key": "node.kubernetes.io/not-ready",
                        "operator": "Exists",
                        "tolerationSeconds": 300
                    },
                    {
                        "effect": "NoExecute",
                        "key": "node.kubernetes.io/unreachable",
                        "operator": "Exists",
                        "tolerationSeconds": 300
                    }
                ],
                "volumes": [
                    {
                        "name": "kube-api-access-k2hmf",
                        "projected": {
                            "defaultMode": 420,
                            "sources": [
                                {
                                    "serviceAccountToken": {
                                        "expirationSeconds": 3607,
                                        "path": "token"
                                    }
                                },
                                {
                                    "configMap": {
                                        "items": [
                                            {
                                                "key": "ca.crt",
                                                "path": "ca.crt"
                                            }
                                        ],
                                        "name": "kube-root-ca.crt"
                                    }
                                },
                                {
                                    "downwardAPI": {
                                        "items": [
                                            {
                                                "fieldRef": {
                                                    "apiVersion": "v1",
                                                    "fieldPath": "metadata.namespace"
                                                },
                                                "path": "namespace"
                                            }
                                        ]
                                    }
                                }
                            ]
                        }
                    }
                ]
            },
            "status": {
                "conditions": [
                    {
                        "lastProbeTime": null,
                        "lastTransitionTime": "2023-05-22T14:49:01Z",
                        "reason": "PodCompleted",
                        "status": "True",
                        "type": "Initialized"
                    },
                    {
                        "lastProbeTime": null,
                        "lastTransitionTime": "2023-05-22T14:51:23Z",
                        "reason": "PodCompleted",
                        "status": "False",
                        "type": "Ready"
                    },
                    {
                        "lastProbeTime": null,
                        "lastTransitionTime": "2023-05-22T14:51:23Z",
                        "reason": "PodCompleted",
                        "status": "False",
                        "type": "ContainersReady"
                    },
                    {
                        "lastProbeTime": null,
                        "lastTransitionTime": "2023-05-22T14:49:01Z",
                        "status": "True",
                        "type": "PodScheduled"
                    }
                ],
                "containerStatuses": [
                    {
                        "containerID": "docker://5070da9c5f43d62953901f3c85e999f51f77f429df9aa99305f2c6d795d7cd9e",
                        "image": "anakli/cca:parsec_blackscholes",
                        "imageID": "docker-pullable://anakli/cca@sha256:7a46dab25dbb692c7c9eaa7a6bf5edeb220e3209b2460a18d05be40533849dc3",
                        "lastState": {},
                        "name": "parsec-blackscholes",
                        "ready": false,
                        "restartCount": 0,
                        "started": false,
                        "state": {
                            "terminated": {
                                "containerID": "docker://5070da9c5f43d62953901f3c85e999f51f77f429df9aa99305f2c6d795d7cd9e",
                                "exitCode": 0,
                                "finishedAt": "2023-05-22T14:51:20Z",
                                "reason": "Completed",
                                "startedAt": "2023-05-22T14:49:45Z"
                            }
                        }
                    }
                ],
                "hostIP": "10.0.16.5",
                "phase": "Succeeded",
                "podIP": "100.96.1.10",
                "podIPs": [
                    {
                        "ip": "100.96.1.10"
                    }
                ],
                "qosClass": "Burstable",
                "startTime": "2023-05-22T14:49:01Z"
            }
        },
        {
            "apiVersion": "v1",
            "kind": "Pod",
            "metadata": {
                "annotations": {
                    "kubernetes.io/limit-ranger": "LimitRanger plugin set: cpu request for container parsec-canneal"
                },
                "creationTimestamp": "2023-05-22T14:49:00Z",
                "generateName": "parsec-canneal-",
                "labels": {
                    "controller-uid": "b5829e78-226e-4879-a3bc-2050d6e7181b",
                    "job-name": "parsec-canneal"
                },
                "name": "parsec-canneal-5l4gh",
                "namespace": "default",
                "ownerReferences": [
                    {
                        "apiVersion": "batch/v1",
                        "blockOwnerDeletion": true,
                        "controller": true,
                        "kind": "Job",
                        "name": "parsec-canneal",
                        "uid": "b5829e78-226e-4879-a3bc-2050d6e7181b"
                    }
                ],
                "resourceVersion": "3082",
                "uid": "480df48f-f73a-4749-86ae-ac23c269ed26"
            },
            "spec": {
                "containers": [
                    {
                        "args": [
                            "-c",
                            "taskset -c 4-7 ./run -a run -S parsec -p canneal -i native -n 4"
                        ],
                        "command": [
                            "/bin/sh"
                        ],
                        "image": "anakli/cca:parsec_canneal",
                        "imagePullPolicy": "Always",
                        "name": "parsec-canneal",
                        "resources": {
                            "requests": {
                                "cpu": "100m"
                            }
                        },
                        "terminationMessagePath": "/dev/termination-log",
                        "terminationMessagePolicy": "File",
                        "volumeMounts": [
                            {
                                "mountPath": "/var/run/secrets/kubernetes.io/serviceaccount",
                                "name": "kube-api-access-4ct6s",
                                "readOnly": true
                            }
                        ]
                    }
                ],
                "dnsPolicy": "ClusterFirst",
                "enableServiceLinks": true,
                "nodeName": "node-c-8core-50b9",
                "nodeSelector": {
                    "cca-project-nodetype": "node-c-8core"
                },
                "preemptionPolicy": "PreemptLowerPriority",
                "priority": 0,
                "restartPolicy": "Never",
                "schedulerName": "default-scheduler",
                "securityContext": {},
                "serviceAccount": "default",
                "serviceAccountName": "default",
                "terminationGracePeriodSeconds": 30,
                "tolerations": [
                    {
                        "effect": "NoExecute",
                        "key": "node.kubernetes.io/not-ready",
                        "operator": "Exists",
                        "tolerationSeconds": 300
                    },
                    {
                        "effect": "NoExecute",
                        "key": "node.kubernetes.io/unreachable",
                        "operator": "Exists",
                        "tolerationSeconds": 300
                    }
                ],
                "volumes": [
                    {
                        "name": "kube-api-access-4ct6s",
                        "projected": {
                            "defaultMode": 420,
                            "sources": [
                                {
                                    "serviceAccountToken": {
                                        "expirationSeconds": 3607,
                                        "path": "token"
                                    }
                                },
                                {
                                    "configMap": {
                                        "items": [
                                            {
                                                "key": "ca.crt",
                                                "path": "ca.crt"
                                            }
                                        ],
                                        "name": "kube-root-ca.crt"
                                    }
                                },
                                {
                                    "downwardAPI": {
                                        "items": [
                                            {
                                                "fieldRef": {
                                                    "apiVersion": "v1",
                                                    "fieldPath": "metadata.namespace"
                                                },
                                                "path": "namespace"
                                            }
                                        ]
                                    }
                                }
                            ]
                        }
                    }
                ]
            },
            "status": {
                "conditions": [
                    {
                        "lastProbeTime": null,
                        "lastTransitionTime": "2023-05-22T14:49:00Z",
                        "reason": "PodCompleted",
                        "status": "True",
                        "type": "Initialized"
                    },
                    {
                        "lastProbeTime": null,
                        "lastTransitionTime": "2023-05-22T14:51:45Z",
                        "reason": "PodCompleted",
                        "status": "False",
                        "type": "Ready"
                    },
                    {
                        "lastProbeTime": null,
                        "lastTransitionTime": "2023-05-22T14:51:45Z",
                        "reason": "PodCompleted",
                        "status": "False",
                        "type": "ContainersReady"
                    },
                    {
                        "lastProbeTime": null,
                        "lastTransitionTime": "2023-05-22T14:49:00Z",
                        "status": "True",
                        "type": "PodScheduled"
                    }
                ],
                "containerStatuses": [
                    {
                        "containerID": "docker://8e15219eea3487ac6b540efd90275ba207e0dd5724241a2774158b3dd64b0e9c",
                        "image": "anakli/cca:parsec_canneal",
                        "imageID": "docker-pullable://anakli/cca@sha256:cb8c3ea7a7071c7802b84179c36f52673ee099bbc2efd90149611285fec24367",
                        "lastState": {},
                        "name": "parsec-canneal",
                        "ready": false,
                        "restartCount": 0,
                        "started": false,
                        "state": {
                            "terminated": {
                                "containerID": "docker://8e15219eea3487ac6b540efd90275ba207e0dd5724241a2774158b3dd64b0e9c",
                                "exitCode": 0,
                                "finishedAt": "2023-05-22T14:51:45Z",
                                "reason": "Completed",
                                "startedAt": "2023-05-22T14:49:07Z"
                            }
                        }
                    }
                ],
                "hostIP": "10.0.16.7",
                "phase": "Succeeded",
                "podIP": "100.96.4.2",
                "podIPs": [
                    {
                        "ip": "100.96.4.2"
                    }
                ],
                "qosClass": "Burstable",
                "startTime": "2023-05-22T14:49:00Z"
            }
        },
        {
            "apiVersion": "v1",
            "kind": "Pod",
            "metadata": {
                "annotations": {
                    "kubernetes.io/limit-ranger": "LimitRanger plugin set: cpu request for container parsec-dedup"
                },
                "creationTimestamp": "2023-05-22T14:49:01Z",
                "generateName": "parsec-dedup-",
                "labels": {
                    "controller-uid": "643d1647-fade-42df-a29b-1d0e4d01ec78",
                    "job-name": "parsec-dedup"
                },
                "name": "parsec-dedup-x7nf6",
                "namespace": "default",
                "ownerReferences": [
                    {
                        "apiVersion": "batch/v1",
                        "blockOwnerDeletion": true,
                        "controller": true,
                        "kind": "Job",
                        "name": "parsec-dedup",
                        "uid": "643d1647-fade-42df-a29b-1d0e4d01ec78"
                    }
                ],
                "resourceVersion": "2772",
                "uid": "4ed3a5ec-d717-4e4d-87c1-0510d63e8d32"
            },
            "spec": {
                "containers": [
                    {
                        "args": [
                            "-c",
                            "taskset -c 0 ./run -a run -S parsec -p dedup -i native -n 1"
                        ],
                        "command": [
                            "/bin/sh"
                        ],
                        "image": "anakli/cca:parsec_dedup",
                        "imagePullPolicy": "Always",
                        "name": "parsec-dedup",
                        "resources": {
                            "requests": {
                                "cpu": "100m"
                            }
                        },
                        "terminationMessagePath": "/dev/termination-log",
                        "terminationMessagePolicy": "File",
                        "volumeMounts": [
                            {
                                "mountPath": "/var/run/secrets/kubernetes.io/serviceaccount",
                                "name": "kube-api-access-8wqg6",
                                "readOnly": true
                            }
                        ]
                    }
                ],
                "dnsPolicy": "ClusterFirst",
                "enableServiceLinks": true,
                "nodeName": "node-a-2core-2cm2",
                "nodeSelector": {
                    "cca-project-nodetype": "node-a-2core"
                },
                "preemptionPolicy": "PreemptLowerPriority",
                "priority": 0,
                "restartPolicy": "Never",
                "schedulerName": "default-scheduler",
                "securityContext": {},
                "serviceAccount": "default",
                "serviceAccountName": "default",
                "terminationGracePeriodSeconds": 30,
                "tolerations": [
                    {
                        "effect": "NoExecute",
                        "key": "node.kubernetes.io/not-ready",
                        "operator": "Exists",
                        "tolerationSeconds": 300
                    },
                    {
                        "effect": "NoExecute",
                        "key": "node.kubernetes.io/unreachable",
                        "operator": "Exists",
                        "tolerationSeconds": 300
                    }
                ],
                "volumes": [
                    {
                        "name": "kube-api-access-8wqg6",
                        "projected": {
                            "defaultMode": 420,
                            "sources": [
                                {
                                    "serviceAccountToken": {
                                        "expirationSeconds": 3607,
                                        "path": "token"
                                    }
                                },
                                {
                                    "configMap": {
                                        "items": [
                                            {
                                                "key": "ca.crt",
                                                "path": "ca.crt"
                                            }
                                        ],
                                        "name": "kube-root-ca.crt"
                                    }
                                },
                                {
                                    "downwardAPI": {
                                        "items": [
                                            {
                                                "fieldRef": {
                                                    "apiVersion": "v1",
                                                    "fieldPath": "metadata.namespace"
                                                },
                                                "path": "namespace"
                                            }
                                        ]
                                    }
                                }
                            ]
                        }
                    }
                ]
            },
            "status": {
                "conditions": [
                    {
                        "lastProbeTime": null,
                        "lastTransitionTime": "2023-05-22T14:49:01Z",
                        "reason": "PodCompleted",
                        "status": "True",
                        "type": "Initialized"
                    },
                    {
                        "lastProbeTime": null,
                        "lastTransitionTime": "2023-05-22T14:50:23Z",
                        "reason": "PodCompleted",
                        "status": "False",
                        "type": "Ready"
                    },
                    {
                        "lastProbeTime": null,
                        "lastTransitionTime": "2023-05-22T14:50:23Z",
                        "reason": "PodCompleted",
                        "status": "False",
                        "type": "ContainersReady"
                    },
                    {
                        "lastProbeTime": null,
                        "lastTransitionTime": "2023-05-22T14:49:01Z",
                        "status": "True",
                        "type": "PodScheduled"
                    }
                ],
                "containerStatuses": [
                    {
                        "containerID": "docker://85c7884a77d113581a089fecea15b879a2d8c6d5e95601c4ce226c55bb0ebf42",
                        "image": "anakli/cca:parsec_dedup",
                        "imageID": "docker-pullable://anakli/cca@sha256:4bd64384b51253d5f69a5bb229055c6d114e4751b19036f29d8e75d84b53164d",
                        "lastState": {},
                        "name": "parsec-dedup",
                        "ready": false,
                        "restartCount": 0,
                        "started": false,
                        "state": {
                            "terminated": {
                                "containerID": "docker://85c7884a77d113581a089fecea15b879a2d8c6d5e95601c4ce226c55bb0ebf42",
                                "exitCode": 0,
                                "finishedAt": "2023-05-22T14:50:20Z",
                                "reason": "Completed",
                                "startedAt": "2023-05-22T14:49:31Z"
                            }
                        }
                    }
                ],
                "hostIP": "10.0.16.5",
                "phase": "Succeeded",
                "podIP": "100.96.1.9",
                "podIPs": [
                    {
                        "ip": "100.96.1.9"
                    }
                ],
                "qosClass": "Burstable",
                "startTime": "2023-05-22T14:49:01Z"
            }
        },
        {
            "apiVersion": "v1",
            "kind": "Pod",
            "metadata": {
                "annotations": {
                    "kubernetes.io/limit-ranger": "LimitRanger plugin set: cpu request for container parsec-ferret"
                },
                "creationTimestamp": "2023-05-22T14:49:00Z",
                "generateName": "parsec-ferret-",
                "labels": {
                    "controller-uid": "a56f4ced-5aea-4d0b-967d-5d6a2dee4453",
                    "job-name": "parsec-ferret"
                },
                "name": "parsec-ferret-j84cp",
                "namespace": "default",
                "ownerReferences": [
                    {
                        "apiVersion": "batch/v1",
                        "blockOwnerDeletion": true,
                        "controller": true,
                        "kind": "Job",
                        "name": "parsec-ferret",
                        "uid": "a56f4ced-5aea-4d0b-967d-5d6a2dee4453"
                    }
                ],
                "resourceVersion": "3088",
                "uid": "f7fa907d-83c1-4415-a7d9-185a623c14eb"
            },
            "spec": {
                "containers": [
                    {
                        "args": [
                            "-c",
                            "taskset -c 0-3 ./run -a run -S parsec -p ferret -i native -n 4"
                        ],
                        "command": [
                            "/bin/sh"
                        ],
                        "image": "anakli/cca:parsec_ferret",
                        "imagePullPolicy": "Always",
                        "name": "parsec-ferret",
                        "resources": {
                            "requests": {
                                "cpu": "100m"
                            }
                        },
                        "terminationMessagePath": "/dev/termination-log",
                        "terminationMessagePolicy": "File",
                        "volumeMounts": [
                            {
                                "mountPath": "/var/run/secrets/kubernetes.io/serviceaccount",
                                "name": "kube-api-access-dx2cx",
                                "readOnly": true
                            }
                        ]
                    }
                ],
                "dnsPolicy": "ClusterFirst",
                "enableServiceLinks": true,
                "nodeName": "node-c-8core-50b9",
                "nodeSelector": {
                    "cca-project-nodetype": "node-c-8core"
                },
                "preemptionPolicy": "PreemptLowerPriority",
                "priority": 0,
                "restartPolicy": "Never",
                "schedulerName": "default-scheduler",
                "securityContext": {},
                "serviceAccount": "default",
                "serviceAccountName": "default",
                "terminationGracePeriodSeconds": 30,
                "tolerations": [
                    {
                        "effect": "NoExecute",
                        "key": "node.kubernetes.io/not-ready",
                        "operator": "Exists",
                        "tolerationSeconds": 300
                    },
                    {
                        "effect": "NoExecute",
                        "key": "node.kubernetes.io/unreachable",
                        "operator": "Exists",
                        "tolerationSeconds": 300
                    }
                ],
                "volumes": [
                    {
                        "name": "kube-api-access-dx2cx",
                        "projected": {
                            "defaultMode": 420,
                            "sources": [
                                {
                                    "serviceAccountToken": {
                                        "expirationSeconds": 3607,
                                        "path": "token"
                                    }
                                },
                                {
                                    "configMap": {
                                        "items": [
                                            {
                                                "key": "ca.crt",
                                                "path": "ca.crt"
                                            }
                                        ],
                                        "name": "kube-root-ca.crt"
                                    }
                                },
                                {
                                    "downwardAPI": {
                                        "items": [
                                            {
                                                "fieldRef": {
                                                    "apiVersion": "v1",
                                                    "fieldPath": "metadata.namespace"
                                                },
                                                "path": "namespace"
                                            }
                                        ]
                                    }
                                }
                            ]
                        }
                    }
                ]
            },
            "status": {
                "conditions": [
                    {
                        "lastProbeTime": null,
                        "lastTransitionTime": "2023-05-22T14:49:00Z",
                        "reason": "PodCompleted",
                        "status": "True",
                        "type": "Initialized"
                    },
                    {
                        "lastProbeTime": null,
                        "lastTransitionTime": "2023-05-22T14:51:47Z",
                        "reason": "PodCompleted",
                        "status": "False",
                        "type": "Ready"
                    },
                    {
                        "lastProbeTime": null,
                        "lastTransitionTime": "2023-05-22T14:51:47Z",
                        "reason": "PodCompleted",
                        "status": "False",
                        "type": "ContainersReady"
                    },
                    {
                        "lastProbeTime": null,
                        "lastTransitionTime": "2023-05-22T14:49:00Z",
                        "status": "True",
                        "type": "PodScheduled"
                    }
                ],
                "containerStatuses": [
                    {
                        "containerID": "docker://42d84729bf78610fd8deb23ee382b9f6f013509ef0ac3422de208ac93b4c06b9",
                        "image": "anakli/cca:parsec_ferret",
                        "imageID": "docker-pullable://anakli/cca@sha256:3f14f111258188c28b3d2b7a7f3510220f99048148a083cd9fc6168daaea9e17",
                        "lastState": {},
                        "name": "parsec-ferret",
                        "ready": false,
                        "restartCount": 0,
                        "started": false,
                        "state": {
                            "terminated": {
                                "containerID": "docker://42d84729bf78610fd8deb23ee382b9f6f013509ef0ac3422de208ac93b4c06b9",
                                "exitCode": 0,
                                "finishedAt": "2023-05-22T14:51:47Z",
                                "reason": "Completed",
                                "startedAt": "2023-05-22T14:49:14Z"
                            }
                        }
                    }
                ],
                "hostIP": "10.0.16.7",
                "phase": "Succeeded",
                "podIP": "100.96.4.3",
                "podIPs": [
                    {
                        "ip": "100.96.4.3"
                    }
                ],
                "qosClass": "Burstable",
                "startTime": "2023-05-22T14:49:00Z"
            }
        },
        {
            "apiVersion": "v1",
            "kind": "Pod",
            "metadata": {
                "annotations": {
                    "kubernetes.io/limit-ranger": "LimitRanger plugin set: cpu request for container parsec-freqmine"
                },
                "creationTimestamp": "2023-05-22T14:49:00Z",
                "generateName": "parsec-freqmine-",
                "labels": {
                    "controller-uid": "8f2fc9be-078f-4456-9544-a1ff76b207da",
                    "job-name": "parsec-freqmine"
                },
                "name": "parsec-freqmine-6z8t7",
                "namespace": "default",
                "ownerReferences": [
                    {
                        "apiVersion": "batch/v1",
                        "blockOwnerDeletion": true,
                        "controller": true,
                        "kind": "Job",
                        "name": "parsec-freqmine",
                        "uid": "8f2fc9be-078f-4456-9544-a1ff76b207da"
                    }
                ],
                "resourceVersion": "3031",
                "uid": "27d979f9-09a9-4fed-8708-3f7615e2acb7"
            },
            "spec": {
                "containers": [
                    {
                        "args": [
                            "-c",
                            "taskset -c 0-3 ./run -a run -S parsec -p freqmine -i native -n 4"
                        ],
                        "command": [
                            "/bin/sh"
                        ],
                        "image": "anakli/cca:parsec_freqmine",
                        "imagePullPolicy": "Always",
                        "name": "parsec-freqmine",
                        "resources": {
                            "requests": {
                                "cpu": "100m"
                            }
                        },
                        "terminationMessagePath": "/dev/termination-log",
                        "terminationMessagePolicy": "File",
                        "volumeMounts": [
                            {
                                "mountPath": "/var/run/secrets/kubernetes.io/serviceaccount",
                                "name": "kube-api-access-bn9b6",
                                "readOnly": true
                            }
                        ]
                    }
                ],
                "dnsPolicy": "ClusterFirst",
                "enableServiceLinks": true,
                "nodeName": "node-b-4core-7nvz",
                "nodeSelector": {
                    "cca-project-nodetype": "node-b-4core"
                },
                "preemptionPolicy": "PreemptLowerPriority",
                "priority": 0,
                "restartPolicy": "Never",
                "schedulerName": "default-scheduler",
                "securityContext": {},
                "serviceAccount": "default",
                "serviceAccountName": "default",
                "terminationGracePeriodSeconds": 30,
                "tolerations": [
                    {
                        "effect": "NoExecute",
                        "key": "node.kubernetes.io/not-ready",
                        "operator": "Exists",
                        "tolerationSeconds": 300
                    },
                    {
                        "effect": "NoExecute",
                        "key": "node.kubernetes.io/unreachable",
                        "operator": "Exists",
                        "tolerationSeconds": 300
                    }
                ],
                "volumes": [
                    {
                        "name": "kube-api-access-bn9b6",
                        "projected": {
                            "defaultMode": 420,
                            "sources": [
                                {
                                    "serviceAccountToken": {
                                        "expirationSeconds": 3607,
                                        "path": "token"
                                    }
                                },
                                {
                                    "configMap": {
                                        "items": [
                                            {
                                                "key": "ca.crt",
                                                "path": "ca.crt"
                                            }
                                        ],
                                        "name": "kube-root-ca.crt"
                                    }
                                },
                                {
                                    "downwardAPI": {
                                        "items": [
                                            {
                                                "fieldRef": {
                                                    "apiVersion": "v1",
                                                    "fieldPath": "metadata.namespace"
                                                },
                                                "path": "namespace"
                                            }
                                        ]
                                    }
                                }
                            ]
                        }
                    }
                ]
            },
            "status": {
                "conditions": [
                    {
                        "lastProbeTime": null,
                        "lastTransitionTime": "2023-05-22T14:49:00Z",
                        "reason": "PodCompleted",
                        "status": "True",
                        "type": "Initialized"
                    },
                    {
                        "lastProbeTime": null,
                        "lastTransitionTime": "2023-05-22T14:51:34Z",
                        "reason": "PodCompleted",
                        "status": "False",
                        "type": "Ready"
                    },
                    {
                        "lastProbeTime": null,
                        "lastTransitionTime": "2023-05-22T14:51:34Z",
                        "reason": "PodCompleted",
                        "status": "False",
                        "type": "ContainersReady"
                    },
                    {
                        "lastProbeTime": null,
                        "lastTransitionTime": "2023-05-22T14:49:00Z",
                        "status": "True",
                        "type": "PodScheduled"
                    }
                ],
                "containerStatuses": [
                    {
                        "containerID": "docker://3cb136090fde5a95f80e7c7f705f80169052d2e9b769e044b3be6538dd30fbb8",
                        "image": "anakli/cca:parsec_freqmine",
                        "imageID": "docker-pullable://anakli/cca@sha256:c2a2f85fe345a655e84a629f04a1ca30482b9c0dd658bed193ed1d70a6395e5a",
                        "lastState": {},
                        "name": "parsec-freqmine",
                        "ready": false,
                        "restartCount": 0,
                        "started": false,
                        "state": {
                            "terminated": {
                                "containerID": "docker://3cb136090fde5a95f80e7c7f705f80169052d2e9b769e044b3be6538dd30fbb8",
                                "exitCode": 0,
                                "finishedAt": "2023-05-22T14:51:34Z",
                                "reason": "Completed",
                                "startedAt": "2023-05-22T14:49:09Z"
                            }
                        }
                    }
                ],
                "hostIP": "10.0.16.3",
                "phase": "Succeeded",
                "podIP": "100.96.5.2",
                "podIPs": [
                    {
                        "ip": "100.96.5.2"
                    }
                ],
                "qosClass": "Burstable",
                "startTime": "2023-05-22T14:49:00Z"
            }
        },
        {
            "apiVersion": "v1",
            "kind": "Pod",
            "metadata": {
                "annotations": {
                    "kubernetes.io/limit-ranger": "LimitRanger plugin set: cpu request for container parsec-radix"
                },
                "creationTimestamp": "2023-05-22T14:49:01Z",
                "generateName": "parsec-radix-",
                "labels": {
                    "controller-uid": "c7f8bc39-1db7-4df7-802b-90cdb70b8899",
                    "job-name": "parsec-radix"
                },
                "name": "parsec-radix-5lsfd",
                "namespace": "default",
                "ownerReferences": [
                    {
                        "apiVersion": "batch/v1",
                        "blockOwnerDeletion": true,
                        "controller": true,
                        "kind": "Job",
                        "name": "parsec-radix",
                        "uid": "c7f8bc39-1db7-4df7-802b-90cdb70b8899"
                    }
                ],
                "resourceVersion": "2689",
                "uid": "f4635e9f-8ade-4257-a4c2-e994aa5289c7"
            },
            "spec": {
                "containers": [
                    {
                        "args": [
                            "-c",
                            "taskset -c 0 ./run -a run -S splash2x -p radix -i native -n 1"
                        ],
                        "command": [
                            "/bin/sh"
                        ],
                        "image": "anakli/cca:splash2x_radix",
                        "imagePullPolicy": "Always",
                        "name": "parsec-radix",
                        "resources": {
                            "requests": {
                                "cpu": "100m"
                            }
                        },
                        "terminationMessagePath": "/dev/termination-log",
                        "terminationMessagePolicy": "File",
                        "volumeMounts": [
                            {
                                "mountPath": "/var/run/secrets/kubernetes.io/serviceaccount",
                                "name": "kube-api-access-sp5bj",
                                "readOnly": true
                            }
                        ]
                    }
                ],
                "dnsPolicy": "ClusterFirst",
                "enableServiceLinks": true,
                "nodeName": "node-a-2core-2cm2",
                "nodeSelector": {
                    "cca-project-nodetype": "node-a-2core"
                },
                "preemptionPolicy": "PreemptLowerPriority",
                "priority": 0,
                "restartPolicy": "Never",
                "schedulerName": "default-scheduler",
                "securityContext": {},
                "serviceAccount": "default",
                "serviceAccountName": "default",
                "terminationGracePeriodSeconds": 30,
                "tolerations": [
                    {
                        "effect": "NoExecute",
                        "key": "node.kubernetes.io/not-ready",
                        "operator": "Exists",
                        "tolerationSeconds": 300
                    },
                    {
                        "effect": "NoExecute",
                        "key": "node.kubernetes.io/unreachable",
                        "operator": "Exists",
                        "tolerationSeconds": 300
                    }
                ],
                "volumes": [
                    {
                        "name": "kube-api-access-sp5bj",
                        "projected": {
                            "defaultMode": 420,
                            "sources": [
                                {
                                    "serviceAccountToken": {
                                        "expirationSeconds": 3607,
                                        "path": "token"
                                    }
                                },
                                {
                                    "configMap": {
                                        "items": [
                                            {
                                                "key": "ca.crt",
                                                "path": "ca.crt"
                                            }
                                        ],
                                        "name": "kube-root-ca.crt"
                                    }
                                },
                                {
                                    "downwardAPI": {
                                        "items": [
                                            {
                                                "fieldRef": {
                                                    "apiVersion": "v1",
                                                    "fieldPath": "metadata.namespace"
                                                },
                                                "path": "namespace"
                                            }
                                        ]
                                    }
                                }
                            ]
                        }
                    }
                ]
            },
            "status": {
                "conditions": [
                    {
                        "lastProbeTime": null,
                        "lastTransitionTime": "2023-05-22T14:49:01Z",
                        "reason": "PodCompleted",
                        "status": "True",
                        "type": "Initialized"
                    },
                    {
                        "lastProbeTime": null,
                        "lastTransitionTime": "2023-05-22T14:49:59Z",
                        "reason": "PodCompleted",
                        "status": "False",
                        "type": "Ready"
                    },
                    {
                        "lastProbeTime": null,
                        "lastTransitionTime": "2023-05-22T14:49:59Z",
                        "reason": "PodCompleted",
                        "status": "False",
                        "type": "ContainersReady"
                    },
                    {
                        "lastProbeTime": null,
                        "lastTransitionTime": "2023-05-22T14:49:01Z",
                        "status": "True",
                        "type": "PodScheduled"
                    }
                ],
                "containerStatuses": [
                    {
                        "containerID": "docker://e08b5a984246d14957226241fae957f2502e7808752a699328be4994186f8370",
                        "image": "anakli/cca:splash2x_radix",
                        "imageID": "docker-pullable://anakli/cca@sha256:dbf0e10e749cf6544504ec0c90a206b8fcdc7fced6c23df536f5857f3f0ed319",
                        "lastState": {},
                        "name": "parsec-radix",
                        "ready": false,
                        "restartCount": 0,
                        "started": false,
                        "state": {
                            "terminated": {
                                "containerID": "docker://e08b5a984246d14957226241fae957f2502e7808752a699328be4994186f8370",
                                "exitCode": 0,
                                "finishedAt": "2023-05-22T14:49:58Z",
                                "reason": "Completed",
                                "startedAt": "2023-05-22T14:49:06Z"
                            }
                        }
                    }
                ],
                "hostIP": "10.0.16.5",
                "phase": "Succeeded",
                "podIP": "100.96.1.8",
                "podIPs": [
                    {
                        "ip": "100.96.1.8"
                    }
                ],
                "qosClass": "Burstable",
                "startTime": "2023-05-22T14:49:01Z"
            }
        },
        {
            "apiVersion": "v1",
            "kind": "Pod",
            "metadata": {
                "annotations": {
                    "kubernetes.io/limit-ranger": "LimitRanger plugin set: cpu request for container parsec-vips"
                },
                "creationTimestamp": "2023-05-22T14:49:00Z",
                "generateName": "parsec-vips-",
                "labels": {
                    "controller-uid": "d189b8d2-1700-4157-8f5d-66a1fa24259e",
                    "job-name": "parsec-vips"
                },
                "name": "parsec-vips-fpr6s",
                "namespace": "default",
                "ownerReferences": [
                    {
                        "apiVersion": "batch/v1",
                        "blockOwnerDeletion": true,
                        "controller": true,
                        "kind": "Job",
                        "name": "parsec-vips",
                        "uid": "d189b8d2-1700-4157-8f5d-66a1fa24259e"
                    }
                ],
                "resourceVersion": "3046",
                "uid": "96ddfa2c-9753-411d-a010-7540977db0e6"
            },
            "spec": {
                "containers": [
                    {
                        "args": [
                            "-c",
                            "taskset -c 4-7 ./run -a run -S parsec -p vips -i native -n 4"
                        ],
                        "command": [
                            "/bin/sh"
                        ],
                        "image": "anakli/cca:parsec_vips",
                        "imagePullPolicy": "Always",
                        "name": "parsec-vips",
                        "resources": {
                            "requests": {
                                "cpu": "100m"
                            }
                        },
                        "terminationMessagePath": "/dev/termination-log",
                        "terminationMessagePolicy": "File",
                        "volumeMounts": [
                            {
                                "mountPath": "/var/run/secrets/kubernetes.io/serviceaccount",
                                "name": "kube-api-access-7ggbb",
                                "readOnly": true
                            }
                        ]
                    }
                ],
                "dnsPolicy": "ClusterFirst",
                "enableServiceLinks": true,
                "nodeName": "node-c-8core-50b9",
                "nodeSelector": {
                    "cca-project-nodetype": "node-c-8core"
                },
                "preemptionPolicy": "PreemptLowerPriority",
                "priority": 0,
                "restartPolicy": "Never",
                "schedulerName": "default-scheduler",
                "securityContext": {},
                "serviceAccount": "default",
                "serviceAccountName": "default",
                "terminationGracePeriodSeconds": 30,
                "tolerations": [
                    {
                        "effect": "NoExecute",
                        "key": "node.kubernetes.io/not-ready",
                        "operator": "Exists",
                        "tolerationSeconds": 300
                    },
                    {
                        "effect": "NoExecute",
                        "key": "node.kubernetes.io/unreachable",
                        "operator": "Exists",
                        "tolerationSeconds": 300
                    }
                ],
                "volumes": [
                    {
                        "name": "kube-api-access-7ggbb",
                        "projected": {
                            "defaultMode": 420,
                            "sources": [
                                {
                                    "serviceAccountToken": {
                                        "expirationSeconds": 3607,
                                        "path": "token"
                                    }
                                },
                                {
                                    "configMap": {
                                        "items": [
                                            {
                                                "key": "ca.crt",
                                                "path": "ca.crt"
                                            }
                                        ],
                                        "name": "kube-root-ca.crt"
                                    }
                                },
                                {
                                    "downwardAPI": {
                                        "items": [
                                            {
                                                "fieldRef": {
                                                    "apiVersion": "v1",
                                                    "fieldPath": "metadata.namespace"
                                                },
                                                "path": "namespace"
                                            }
                                        ]
                                    }
                                }
                            ]
                        }
                    }
                ]
            },
            "status": {
                "conditions": [
                    {
                        "lastProbeTime": null,
                        "lastTransitionTime": "2023-05-22T14:49:00Z",
                        "reason": "PodCompleted",
                        "status": "True",
                        "type": "Initialized"
                    },
                    {
                        "lastProbeTime": null,
                        "lastTransitionTime": "2023-05-22T14:51:37Z",
                        "reason": "PodCompleted",
                        "status": "False",
                        "type": "Ready"
                    },
                    {
                        "lastProbeTime": null,
                        "lastTransitionTime": "2023-05-22T14:51:37Z",
                        "reason": "PodCompleted",
                        "status": "False",
                        "type": "ContainersReady"
                    },
                    {
                        "lastProbeTime": null,
                        "lastTransitionTime": "2023-05-22T14:49:00Z",
                        "status": "True",
                        "type": "PodScheduled"
                    }
                ],
                "containerStatuses": [
                    {
                        "containerID": "docker://0c77ee0ef8df57b0fa84f8c51e81d126960be87d6496ea0a4be5ed526b640850",
                        "image": "anakli/cca:parsec_vips",
                        "imageID": "docker-pullable://anakli/cca@sha256:5c719838bc3d4d72143f27ca60bb5fe6f5f5b60be53b3972e73350596aa03547",
                        "lastState": {},
                        "name": "parsec-vips",
                        "ready": false,
                        "restartCount": 0,
                        "started": false,
                        "state": {
                            "terminated": {
                                "containerID": "docker://0c77ee0ef8df57b0fa84f8c51e81d126960be87d6496ea0a4be5ed526b640850",
                                "exitCode": 0,
                                "finishedAt": "2023-05-22T14:51:37Z",
                                "reason": "Completed",
                                "startedAt": "2023-05-22T14:50:16Z"
                            }
                        }
                    }
                ],
                "hostIP": "10.0.16.7",
                "phase": "Succeeded",
                "podIP": "100.96.4.4",
                "podIPs": [
                    {
                        "ip": "100.96.4.4"
                    }
                ],
                "qosClass": "Burstable",
                "startTime": "2023-05-22T14:49:00Z"
            }
        },
        {
            "apiVersion": "v1",
            "kind": "Pod",
            "metadata": {
                "annotations": {
                    "kubernetes.io/limit-ranger": "LimitRanger plugin set: cpu request for container memcached"
                },
                "creationTimestamp": "2023-05-22T14:47:09Z",
                "labels": {
                    "name": "some-memcached"
                },
                "name": "some-memcached",
                "namespace": "default",
                "resourceVersion": "2025",
                "uid": "77e8ffd5-5c3e-40e8-8520-9465b1d10153"
            },
            "spec": {
                "containers": [
                    {
                        "args": [
                            "-c",
                            "taskset -c 1 ./memcached -t 1 -u memcache"
                        ],
                        "command": [
                            "/bin/sh"
                        ],
                        "image": "anakli/memcached:t1",
                        "imagePullPolicy": "Always",
                        "name": "memcached",
                        "resources": {
                            "requests": {
                                "cpu": "100m"
                            }
                        },
                        "terminationMessagePath": "/dev/termination-log",
                        "terminationMessagePolicy": "File",
                        "volumeMounts": [
                            {
                                "mountPath": "/var/run/secrets/kubernetes.io/serviceaccount",
                                "name": "kube-api-access-scdrm",
                                "readOnly": true
                            }
                        ]
                    }
                ],
                "dnsPolicy": "ClusterFirst",
                "enableServiceLinks": true,
                "nodeName": "node-a-2core-2cm2",
                "nodeSelector": {
                    "cca-project-nodetype": "node-a-2core"
                },
                "preemptionPolicy": "PreemptLowerPriority",
                "priority": 0,
                "restartPolicy": "Always",
                "schedulerName": "default-scheduler",
                "securityContext": {},
                "serviceAccount": "default",
                "serviceAccountName": "default",
                "terminationGracePeriodSeconds": 30,
                "tolerations": [
                    {
                        "effect": "NoExecute",
                        "key": "node.kubernetes.io/not-ready",
                        "operator": "Exists",
                        "tolerationSeconds": 300
                    },
                    {
                        "effect": "NoExecute",
                        "key": "node.kubernetes.io/unreachable",
                        "operator": "Exists",
                        "tolerationSeconds": 300
                    }
                ],
                "volumes": [
                    {
                        "name": "kube-api-access-scdrm",
                        "projected": {
                            "defaultMode": 420,
                            "sources": [
                                {
                                    "serviceAccountToken": {
                                        "expirationSeconds": 3607,
                                        "path": "token"
                                    }
                                },
                                {
                                    "configMap": {
                                        "items": [
                                            {
                                                "key": "ca.crt",
                                                "path": "ca.crt"
                                            }
                                        ],
                                        "name": "kube-root-ca.crt"
                                    }
                                },
                                {
                                    "downwardAPI": {
                                        "items": [
                                            {
                                                "fieldRef": {
                                                    "apiVersion": "v1",
                                                    "fieldPath": "metadata.namespace"
                                                },
                                                "path": "namespace"
                                            }
                                        ]
                                    }
                                }
                            ]
                        }
                    }
                ]
            },
            "status": {
                "conditions": [
                    {
                        "lastProbeTime": null,
                        "lastTransitionTime": "2023-05-22T14:47:09Z",
                        "status": "True",
                        "type": "Initialized"
                    },
                    {
                        "lastProbeTime": null,
                        "lastTransitionTime": "2023-05-22T14:47:11Z",
                        "status": "True",
                        "type": "Ready"
                    },
                    {
                        "lastProbeTime": null,
                        "lastTransitionTime": "2023-05-22T14:47:11Z",
                        "status": "True",
                        "type": "ContainersReady"
                    },
                    {
                        "lastProbeTime": null,
                        "lastTransitionTime": "2023-05-22T14:47:09Z",
                        "status": "True",
                        "type": "PodScheduled"
                    }
                ],
                "containerStatuses": [
                    {
                        "containerID": "docker://fec0a3e3dbad108ebb54c205afebe9af7a99bb3d693356235eb38356b7c3c681",
                        "image": "anakli/memcached:t1",
                        "imageID": "docker-pullable://anakli/memcached@sha256:04a3fa6ff86d7f3fcd0eb378e0f41fa3ba84b890d3a745fcea9704659d075b27",
                        "lastState": {},
                        "name": "memcached",
                        "ready": true,
                        "restartCount": 0,
                        "started": true,
                        "state": {
                            "running": {
                                "startedAt": "2023-05-22T14:47:11Z"
                            }
                        }
                    }
                ],
                "hostIP": "10.0.16.5",
                "phase": "Running",
                "podIP": "100.96.1.7",
                "podIPs": [
                    {
                        "ip": "100.96.1.7"
                    }
                ],
                "qosClass": "Burstable",
                "startTime": "2023-05-22T14:47:09Z"
            }
        }
    ],
    "kind": "List",
    "metadata": {
        "resourceVersion": ""
    }
}
