{
    "apiVersion": "v1",
    "items": [
        {
            "apiVersion": "v1",
            "kind": "Pod",
            "metadata": {
                "annotations": {
                    "kubernetes.io/limit-ranger": "LimitRanger plugin set: cpu request for container parsec-blackscholes"
                },
                "creationTimestamp": "2023-05-19T13:23:05Z",
                "generateName": "parsec-blackscholes-",
                "labels": {
                    "controller-uid": "ff825a7c-13c4-4040-a170-0cf39bd36bda",
                    "job-name": "parsec-blackscholes"
                },
                "name": "parsec-blackscholes-q9pvh",
                "namespace": "default",
                "ownerReferences": [
                    {
                        "apiVersion": "batch/v1",
                        "blockOwnerDeletion": true,
                        "controller": true,
                        "kind": "Job",
                        "name": "parsec-blackscholes",
                        "uid": "ff825a7c-13c4-4040-a170-0cf39bd36bda"
                    }
                ],
                "resourceVersion": "22904",
                "uid": "cceab2d0-bfd5-407c-8653-d5eeb075e739"
            },
            "spec": {
                "containers": [
                    {
                        "args": [
                            "-c",
                            "taskset -c 0 ./run -a run -S parsec -p blackscholes -i native -n 1"
                        ],
                        "command": [
                            "/bin/sh"
                        ],
                        "image": "anakli/cca:parsec_blackscholes",
                        "imagePullPolicy": "Always",
                        "name": "parsec-blackscholes",
                        "resources": {
                            "requests": {
                                "cpu": "100m"
                            }
                        },
                        "terminationMessagePath": "/dev/termination-log",
                        "terminationMessagePolicy": "File",
                        "volumeMounts": [
                            {
                                "mountPath": "/var/run/secrets/kubernetes.io/serviceaccount",
                                "name": "kube-api-access-2rc85",
                                "readOnly": true
                            }
                        ]
                    }
                ],
                "dnsPolicy": "ClusterFirst",
                "enableServiceLinks": true,
                "nodeName": "node-a-2core-nsb6",
                "nodeSelector": {
                    "cca-project-nodetype": "node-a-2core"
                },
                "preemptionPolicy": "PreemptLowerPriority",
                "priority": 0,
                "restartPolicy": "Never",
                "schedulerName": "default-scheduler",
                "securityContext": {},
                "serviceAccount": "default",
                "serviceAccountName": "default",
                "terminationGracePeriodSeconds": 30,
                "tolerations": [
                    {
                        "effect": "NoExecute",
                        "key": "node.kubernetes.io/not-ready",
                        "operator": "Exists",
                        "tolerationSeconds": 300
                    },
                    {
                        "effect": "NoExecute",
                        "key": "node.kubernetes.io/unreachable",
                        "operator": "Exists",
                        "tolerationSeconds": 300
                    }
                ],
                "volumes": [
                    {
                        "name": "kube-api-access-2rc85",
                        "projected": {
                            "defaultMode": 420,
                            "sources": [
                                {
                                    "serviceAccountToken": {
                                        "expirationSeconds": 3607,
                                        "path": "token"
                                    }
                                },
                                {
                                    "configMap": {
                                        "items": [
                                            {
                                                "key": "ca.crt",
                                                "path": "ca.crt"
                                            }
                                        ],
                                        "name": "kube-root-ca.crt"
                                    }
                                },
                                {
                                    "downwardAPI": {
                                        "items": [
                                            {
                                                "fieldRef": {
                                                    "apiVersion": "v1",
                                                    "fieldPath": "metadata.namespace"
                                                },
                                                "path": "namespace"
                                            }
                                        ]
                                    }
                                }
                            ]
                        }
                    }
                ]
            },
            "status": {
                "conditions": [
                    {
                        "lastProbeTime": null,
                        "lastTransitionTime": "2023-05-19T13:23:05Z",
                        "reason": "PodCompleted",
                        "status": "True",
                        "type": "Initialized"
                    },
                    {
                        "lastProbeTime": null,
                        "lastTransitionTime": "2023-05-19T13:25:23Z",
                        "reason": "PodCompleted",
                        "status": "False",
                        "type": "Ready"
                    },
                    {
                        "lastProbeTime": null,
                        "lastTransitionTime": "2023-05-19T13:25:23Z",
                        "reason": "PodCompleted",
                        "status": "False",
                        "type": "ContainersReady"
                    },
                    {
                        "lastProbeTime": null,
                        "lastTransitionTime": "2023-05-19T13:23:05Z",
                        "status": "True",
                        "type": "PodScheduled"
                    }
                ],
                "containerStatuses": [
                    {
                        "containerID": "docker://3afc19e7211933632c21694aee9bb510137f09c08eb54f8d35be4853b0320f5e",
                        "image": "anakli/cca:parsec_blackscholes",
                        "imageID": "docker-pullable://anakli/cca@sha256:7a46dab25dbb692c7c9eaa7a6bf5edeb220e3209b2460a18d05be40533849dc3",
                        "lastState": {},
                        "name": "parsec-blackscholes",
                        "ready": false,
                        "restartCount": 0,
                        "started": false,
                        "state": {
                            "terminated": {
                                "containerID": "docker://3afc19e7211933632c21694aee9bb510137f09c08eb54f8d35be4853b0320f5e",
                                "exitCode": 0,
                                "finishedAt": "2023-05-19T13:25:21Z",
                                "reason": "Completed",
                                "startedAt": "2023-05-19T13:23:08Z"
                            }
                        }
                    }
                ],
                "hostIP": "10.0.16.6",
                "phase": "Succeeded",
                "podIP": "100.96.2.27",
                "podIPs": [
                    {
                        "ip": "100.96.2.27"
                    }
                ],
                "qosClass": "Burstable",
                "startTime": "2023-05-19T13:23:05Z"
            }
        },
        {
            "apiVersion": "v1",
            "kind": "Pod",
            "metadata": {
                "annotations": {
                    "kubernetes.io/limit-ranger": "LimitRanger plugin set: cpu request for container parsec-canneal"
                },
                "creationTimestamp": "2023-05-19T13:23:04Z",
                "generateName": "parsec-canneal-",
                "labels": {
                    "controller-uid": "4a1b868e-8646-4abc-a08d-fc1b8a0fb125",
                    "job-name": "parsec-canneal"
                },
                "name": "parsec-canneal-9ndkz",
                "namespace": "default",
                "ownerReferences": [
                    {
                        "apiVersion": "batch/v1",
                        "blockOwnerDeletion": true,
                        "controller": true,
                        "kind": "Job",
                        "name": "parsec-canneal",
                        "uid": "4a1b868e-8646-4abc-a08d-fc1b8a0fb125"
                    }
                ],
                "resourceVersion": "22868",
                "uid": "3f4227f3-b733-4da6-9b5d-9cfde5d2bd13"
            },
            "spec": {
                "containers": [
                    {
                        "args": [
                            "-c",
                            "taskset -c 4-7 ./run -a run -S parsec -p canneal -i native -n 4"
                        ],
                        "command": [
                            "/bin/sh"
                        ],
                        "image": "anakli/cca:parsec_canneal",
                        "imagePullPolicy": "Always",
                        "name": "parsec-canneal",
                        "resources": {
                            "requests": {
                                "cpu": "100m"
                            }
                        },
                        "terminationMessagePath": "/dev/termination-log",
                        "terminationMessagePolicy": "File",
                        "volumeMounts": [
                            {
                                "mountPath": "/var/run/secrets/kubernetes.io/serviceaccount",
                                "name": "kube-api-access-hvw9f",
                                "readOnly": true
                            }
                        ]
                    }
                ],
                "dnsPolicy": "ClusterFirst",
                "enableServiceLinks": true,
                "nodeName": "node-c-8core-3f28",
                "nodeSelector": {
                    "cca-project-nodetype": "node-c-8core"
                },
                "preemptionPolicy": "PreemptLowerPriority",
                "priority": 0,
                "restartPolicy": "Never",
                "schedulerName": "default-scheduler",
                "securityContext": {},
                "serviceAccount": "default",
                "serviceAccountName": "default",
                "terminationGracePeriodSeconds": 30,
                "tolerations": [
                    {
                        "effect": "NoExecute",
                        "key": "node.kubernetes.io/not-ready",
                        "operator": "Exists",
                        "tolerationSeconds": 300
                    },
                    {
                        "effect": "NoExecute",
                        "key": "node.kubernetes.io/unreachable",
                        "operator": "Exists",
                        "tolerationSeconds": 300
                    }
                ],
                "volumes": [
                    {
                        "name": "kube-api-access-hvw9f",
                        "projected": {
                            "defaultMode": 420,
                            "sources": [
                                {
                                    "serviceAccountToken": {
                                        "expirationSeconds": 3607,
                                        "path": "token"
                                    }
                                },
                                {
                                    "configMap": {
                                        "items": [
                                            {
                                                "key": "ca.crt",
                                                "path": "ca.crt"
                                            }
                                        ],
                                        "name": "kube-root-ca.crt"
                                    }
                                },
                                {
                                    "downwardAPI": {
                                        "items": [
                                            {
                                                "fieldRef": {
                                                    "apiVersion": "v1",
                                                    "fieldPath": "metadata.namespace"
                                                },
                                                "path": "namespace"
                                            }
                                        ]
                                    }
                                }
                            ]
                        }
                    }
                ]
            },
            "status": {
                "conditions": [
                    {
                        "lastProbeTime": null,
                        "lastTransitionTime": "2023-05-19T13:23:04Z",
                        "reason": "PodCompleted",
                        "status": "True",
                        "type": "Initialized"
                    },
                    {
                        "lastProbeTime": null,
                        "lastTransitionTime": "2023-05-19T13:25:14Z",
                        "reason": "PodCompleted",
                        "status": "False",
                        "type": "Ready"
                    },
                    {
                        "lastProbeTime": null,
                        "lastTransitionTime": "2023-05-19T13:25:14Z",
                        "reason": "PodCompleted",
                        "status": "False",
                        "type": "ContainersReady"
                    },
                    {
                        "lastProbeTime": null,
                        "lastTransitionTime": "2023-05-19T13:23:04Z",
                        "status": "True",
                        "type": "PodScheduled"
                    }
                ],
                "containerStatuses": [
                    {
                        "containerID": "docker://9851ff3a796bbbd348ea54525e363c8590972a2ead9938a2629e5b00666b8e83",
                        "image": "anakli/cca:parsec_canneal",
                        "imageID": "docker-pullable://anakli/cca@sha256:cb8c3ea7a7071c7802b84179c36f52673ee099bbc2efd90149611285fec24367",
                        "lastState": {},
                        "name": "parsec-canneal",
                        "ready": false,
                        "restartCount": 0,
                        "started": false,
                        "state": {
                            "terminated": {
                                "containerID": "docker://9851ff3a796bbbd348ea54525e363c8590972a2ead9938a2629e5b00666b8e83",
                                "exitCode": 0,
                                "finishedAt": "2023-05-19T13:25:13Z",
                                "reason": "Completed",
                                "startedAt": "2023-05-19T13:23:05Z"
                            }
                        }
                    }
                ],
                "hostIP": "10.0.16.5",
                "phase": "Succeeded",
                "podIP": "100.96.1.21",
                "podIPs": [
                    {
                        "ip": "100.96.1.21"
                    }
                ],
                "qosClass": "Burstable",
                "startTime": "2023-05-19T13:23:04Z"
            }
        },
        {
            "apiVersion": "v1",
            "kind": "Pod",
            "metadata": {
                "annotations": {
                    "kubernetes.io/limit-ranger": "LimitRanger plugin set: cpu request for container parsec-dedup"
                },
                "creationTimestamp": "2023-05-19T13:23:05Z",
                "generateName": "parsec-dedup-",
                "labels": {
                    "controller-uid": "4f550e6f-949c-4f4f-967d-63e9ea1fac93",
                    "job-name": "parsec-dedup"
                },
                "name": "parsec-dedup-jcj8g",
                "namespace": "default",
                "ownerReferences": [
                    {
                        "apiVersion": "batch/v1",
                        "blockOwnerDeletion": true,
                        "controller": true,
                        "kind": "Job",
                        "name": "parsec-dedup",
                        "uid": "4f550e6f-949c-4f4f-967d-63e9ea1fac93"
                    }
                ],
                "resourceVersion": "22682",
                "uid": "e1f72807-c023-423c-ac87-77bc80ecce46"
            },
            "spec": {
                "containers": [
                    {
                        "args": [
                            "-c",
                            "taskset -c 0 ./run -a run -S parsec -p dedup -i native -n 1"
                        ],
                        "command": [
                            "/bin/sh"
                        ],
                        "image": "anakli/cca:parsec_dedup",
                        "imagePullPolicy": "Always",
                        "name": "parsec-dedup",
                        "resources": {
                            "requests": {
                                "cpu": "100m"
                            }
                        },
                        "terminationMessagePath": "/dev/termination-log",
                        "terminationMessagePolicy": "File",
                        "volumeMounts": [
                            {
                                "mountPath": "/var/run/secrets/kubernetes.io/serviceaccount",
                                "name": "kube-api-access-r6d78",
                                "readOnly": true
                            }
                        ]
                    }
                ],
                "dnsPolicy": "ClusterFirst",
                "enableServiceLinks": true,
                "nodeName": "node-a-2core-nsb6",
                "nodeSelector": {
                    "cca-project-nodetype": "node-a-2core"
                },
                "preemptionPolicy": "PreemptLowerPriority",
                "priority": 0,
                "restartPolicy": "Never",
                "schedulerName": "default-scheduler",
                "securityContext": {},
                "serviceAccount": "default",
                "serviceAccountName": "default",
                "terminationGracePeriodSeconds": 30,
                "tolerations": [
                    {
                        "effect": "NoExecute",
                        "key": "node.kubernetes.io/not-ready",
                        "operator": "Exists",
                        "tolerationSeconds": 300
                    },
                    {
                        "effect": "NoExecute",
                        "key": "node.kubernetes.io/unreachable",
                        "operator": "Exists",
                        "tolerationSeconds": 300
                    }
                ],
                "volumes": [
                    {
                        "name": "kube-api-access-r6d78",
                        "projected": {
                            "defaultMode": 420,
                            "sources": [
                                {
                                    "serviceAccountToken": {
                                        "expirationSeconds": 3607,
                                        "path": "token"
                                    }
                                },
                                {
                                    "configMap": {
                                        "items": [
                                            {
                                                "key": "ca.crt",
                                                "path": "ca.crt"
                                            }
                                        ],
                                        "name": "kube-root-ca.crt"
                                    }
                                },
                                {
                                    "downwardAPI": {
                                        "items": [
                                            {
                                                "fieldRef": {
                                                    "apiVersion": "v1",
                                                    "fieldPath": "metadata.namespace"
                                                },
                                                "path": "namespace"
                                            }
                                        ]
                                    }
                                }
                            ]
                        }
                    }
                ]
            },
            "status": {
                "conditions": [
                    {
                        "lastProbeTime": null,
                        "lastTransitionTime": "2023-05-19T13:23:05Z",
                        "reason": "PodCompleted",
                        "status": "True",
                        "type": "Initialized"
                    },
                    {
                        "lastProbeTime": null,
                        "lastTransitionTime": "2023-05-19T13:24:24Z",
                        "reason": "PodCompleted",
                        "status": "False",
                        "type": "Ready"
                    },
                    {
                        "lastProbeTime": null,
                        "lastTransitionTime": "2023-05-19T13:24:24Z",
                        "reason": "PodCompleted",
                        "status": "False",
                        "type": "ContainersReady"
                    },
                    {
                        "lastProbeTime": null,
                        "lastTransitionTime": "2023-05-19T13:23:05Z",
                        "status": "True",
                        "type": "PodScheduled"
                    }
                ],
                "containerStatuses": [
                    {
                        "containerID": "docker://12935422148c3af7485cd4da436f690e6a43178419e7cb8b894cbe1f31680469",
                        "image": "anakli/cca:parsec_dedup",
                        "imageID": "docker-pullable://anakli/cca@sha256:4bd64384b51253d5f69a5bb229055c6d114e4751b19036f29d8e75d84b53164d",
                        "lastState": {},
                        "name": "parsec-dedup",
                        "ready": false,
                        "restartCount": 0,
                        "started": false,
                        "state": {
                            "terminated": {
                                "containerID": "docker://12935422148c3af7485cd4da436f690e6a43178419e7cb8b894cbe1f31680469",
                                "exitCode": 0,
                                "finishedAt": "2023-05-19T13:24:22Z",
                                "reason": "Completed",
                                "startedAt": "2023-05-19T13:23:07Z"
                            }
                        }
                    }
                ],
                "hostIP": "10.0.16.6",
                "phase": "Succeeded",
                "podIP": "100.96.2.26",
                "podIPs": [
                    {
                        "ip": "100.96.2.26"
                    }
                ],
                "qosClass": "Burstable",
                "startTime": "2023-05-19T13:23:05Z"
            }
        },
        {
            "apiVersion": "v1",
            "kind": "Pod",
            "metadata": {
                "annotations": {
                    "kubernetes.io/limit-ranger": "LimitRanger plugin set: cpu request for container parsec-ferret"
                },
                "creationTimestamp": "2023-05-19T13:23:04Z",
                "generateName": "parsec-ferret-",
                "labels": {
                    "controller-uid": "a130094b-5e96-42e0-887d-48b94917ee9f",
                    "job-name": "parsec-ferret"
                },
                "name": "parsec-ferret-zc9zv",
                "namespace": "default",
                "ownerReferences": [
                    {
                        "apiVersion": "batch/v1",
                        "blockOwnerDeletion": true,
                        "controller": true,
                        "kind": "Job",
                        "name": "parsec-ferret",
                        "uid": "a130094b-5e96-42e0-887d-48b94917ee9f"
                    }
                ],
                "resourceVersion": "22950",
                "uid": "42599a0c-7cfb-40f3-a86f-81abd02455cb"
            },
            "spec": {
                "containers": [
                    {
                        "args": [
                            "-c",
                            "taskset -c 0-3 ./run -a run -S parsec -p ferret -i native -n 4"
                        ],
                        "command": [
                            "/bin/sh"
                        ],
                        "image": "anakli/cca:parsec_ferret",
                        "imagePullPolicy": "Always",
                        "name": "parsec-ferret",
                        "resources": {
                            "requests": {
                                "cpu": "100m"
                            }
                        },
                        "terminationMessagePath": "/dev/termination-log",
                        "terminationMessagePolicy": "File",
                        "volumeMounts": [
                            {
                                "mountPath": "/var/run/secrets/kubernetes.io/serviceaccount",
                                "name": "kube-api-access-sj5km",
                                "readOnly": true
                            }
                        ]
                    }
                ],
                "dnsPolicy": "ClusterFirst",
                "enableServiceLinks": true,
                "nodeName": "node-c-8core-3f28",
                "nodeSelector": {
                    "cca-project-nodetype": "node-c-8core"
                },
                "preemptionPolicy": "PreemptLowerPriority",
                "priority": 0,
                "restartPolicy": "Never",
                "schedulerName": "default-scheduler",
                "securityContext": {},
                "serviceAccount": "default",
                "serviceAccountName": "default",
                "terminationGracePeriodSeconds": 30,
                "tolerations": [
                    {
                        "effect": "NoExecute",
                        "key": "node.kubernetes.io/not-ready",
                        "operator": "Exists",
                        "tolerationSeconds": 300
                    },
                    {
                        "effect": "NoExecute",
                        "key": "node.kubernetes.io/unreachable",
                        "operator": "Exists",
                        "tolerationSeconds": 300
                    }
                ],
                "volumes": [
                    {
                        "name": "kube-api-access-sj5km",
                        "projected": {
                            "defaultMode": 420,
                            "sources": [
                                {
                                    "serviceAccountToken": {
                                        "expirationSeconds": 3607,
                                        "path": "token"
                                    }
                                },
                                {
                                    "configMap": {
                                        "items": [
                                            {
                                                "key": "ca.crt",
                                                "path": "ca.crt"
                                            }
                                        ],
                                        "name": "kube-root-ca.crt"
                                    }
                                },
                                {
                                    "downwardAPI": {
                                        "items": [
                                            {
                                                "fieldRef": {
                                                    "apiVersion": "v1",
                                                    "fieldPath": "metadata.namespace"
                                                },
                                                "path": "namespace"
                                            }
                                        ]
                                    }
                                }
                            ]
                        }
                    }
                ]
            },
            "status": {
                "conditions": [
                    {
                        "lastProbeTime": null,
                        "lastTransitionTime": "2023-05-19T13:23:04Z",
                        "reason": "PodCompleted",
                        "status": "True",
                        "type": "Initialized"
                    },
                    {
                        "lastProbeTime": null,
                        "lastTransitionTime": "2023-05-19T13:25:34Z",
                        "reason": "PodCompleted",
                        "status": "False",
                        "type": "Ready"
                    },
                    {
                        "lastProbeTime": null,
                        "lastTransitionTime": "2023-05-19T13:25:34Z",
                        "reason": "PodCompleted",
                        "status": "False",
                        "type": "ContainersReady"
                    },
                    {
                        "lastProbeTime": null,
                        "lastTransitionTime": "2023-05-19T13:23:04Z",
                        "status": "True",
                        "type": "PodScheduled"
                    }
                ],
                "containerStatuses": [
                    {
                        "containerID": "docker://ac497b0e2722e3d8eeb3f70d1e22215bce91a5e67e8f562b8932d66a11098ab3",
                        "image": "anakli/cca:parsec_ferret",
                        "imageID": "docker-pullable://anakli/cca@sha256:3f14f111258188c28b3d2b7a7f3510220f99048148a083cd9fc6168daaea9e17",
                        "lastState": {},
                        "name": "parsec-ferret",
                        "ready": false,
                        "restartCount": 0,
                        "started": false,
                        "state": {
                            "terminated": {
                                "containerID": "docker://ac497b0e2722e3d8eeb3f70d1e22215bce91a5e67e8f562b8932d66a11098ab3",
                                "exitCode": 0,
                                "finishedAt": "2023-05-19T13:25:34Z",
                                "reason": "Completed",
                                "startedAt": "2023-05-19T13:23:07Z"
                            }
                        }
                    }
                ],
                "hostIP": "10.0.16.5",
                "phase": "Succeeded",
                "podIP": "100.96.1.22",
                "podIPs": [
                    {
                        "ip": "100.96.1.22"
                    }
                ],
                "qosClass": "Burstable",
                "startTime": "2023-05-19T13:23:04Z"
            }
        },
        {
            "apiVersion": "v1",
            "kind": "Pod",
            "metadata": {
                "annotations": {
                    "kubernetes.io/limit-ranger": "LimitRanger plugin set: cpu request for container parsec-freqmine"
                },
                "creationTimestamp": "2023-05-19T13:23:04Z",
                "generateName": "parsec-freqmine-",
                "labels": {
                    "controller-uid": "9cf4d9e4-cb81-481e-8a5e-fd7868047cd5",
                    "job-name": "parsec-freqmine"
                },
                "name": "parsec-freqmine-6q88d",
                "namespace": "default",
                "ownerReferences": [
                    {
                        "apiVersion": "batch/v1",
                        "blockOwnerDeletion": true,
                        "controller": true,
                        "kind": "Job",
                        "name": "parsec-freqmine",
                        "uid": "9cf4d9e4-cb81-481e-8a5e-fd7868047cd5"
                    }
                ],
                "resourceVersion": "22934",
                "uid": "fd0704cd-9831-4f94-a9bf-35e2073d1fbf"
            },
            "spec": {
                "containers": [
                    {
                        "args": [
                            "-c",
                            "taskset -c 0-3 ./run -a run -S parsec -p freqmine -i native -n 4"
                        ],
                        "command": [
                            "/bin/sh"
                        ],
                        "image": "anakli/cca:parsec_freqmine",
                        "imagePullPolicy": "Always",
                        "name": "parsec-freqmine",
                        "resources": {
                            "requests": {
                                "cpu": "100m"
                            }
                        },
                        "terminationMessagePath": "/dev/termination-log",
                        "terminationMessagePolicy": "File",
                        "volumeMounts": [
                            {
                                "mountPath": "/var/run/secrets/kubernetes.io/serviceaccount",
                                "name": "kube-api-access-8djqm",
                                "readOnly": true
                            }
                        ]
                    }
                ],
                "dnsPolicy": "ClusterFirst",
                "enableServiceLinks": true,
                "nodeName": "node-b-4core-1cdf",
                "nodeSelector": {
                    "cca-project-nodetype": "node-b-4core"
                },
                "preemptionPolicy": "PreemptLowerPriority",
                "priority": 0,
                "restartPolicy": "Never",
                "schedulerName": "default-scheduler",
                "securityContext": {},
                "serviceAccount": "default",
                "serviceAccountName": "default",
                "terminationGracePeriodSeconds": 30,
                "tolerations": [
                    {
                        "effect": "NoExecute",
                        "key": "node.kubernetes.io/not-ready",
                        "operator": "Exists",
                        "tolerationSeconds": 300
                    },
                    {
                        "effect": "NoExecute",
                        "key": "node.kubernetes.io/unreachable",
                        "operator": "Exists",
                        "tolerationSeconds": 300
                    }
                ],
                "volumes": [
                    {
                        "name": "kube-api-access-8djqm",
                        "projected": {
                            "defaultMode": 420,
                            "sources": [
                                {
                                    "serviceAccountToken": {
                                        "expirationSeconds": 3607,
                                        "path": "token"
                                    }
                                },
                                {
                                    "configMap": {
                                        "items": [
                                            {
                                                "key": "ca.crt",
                                                "path": "ca.crt"
                                            }
                                        ],
                                        "name": "kube-root-ca.crt"
                                    }
                                },
                                {
                                    "downwardAPI": {
                                        "items": [
                                            {
                                                "fieldRef": {
                                                    "apiVersion": "v1",
                                                    "fieldPath": "metadata.namespace"
                                                },
                                                "path": "namespace"
                                            }
                                        ]
                                    }
                                }
                            ]
                        }
                    }
                ]
            },
            "status": {
                "conditions": [
                    {
                        "lastProbeTime": null,
                        "lastTransitionTime": "2023-05-19T13:23:04Z",
                        "reason": "PodCompleted",
                        "status": "True",
                        "type": "Initialized"
                    },
                    {
                        "lastProbeTime": null,
                        "lastTransitionTime": "2023-05-19T13:25:32Z",
                        "reason": "PodCompleted",
                        "status": "False",
                        "type": "Ready"
                    },
                    {
                        "lastProbeTime": null,
                        "lastTransitionTime": "2023-05-19T13:25:32Z",
                        "reason": "PodCompleted",
                        "status": "False",
                        "type": "ContainersReady"
                    },
                    {
                        "lastProbeTime": null,
                        "lastTransitionTime": "2023-05-19T13:23:04Z",
                        "status": "True",
                        "type": "PodScheduled"
                    }
                ],
                "containerStatuses": [
                    {
                        "containerID": "docker://bb854f8d5b1a614ffb02df6543730c46c919eec757d0fdba7f9cbdc15fe61c7e",
                        "image": "anakli/cca:parsec_freqmine",
                        "imageID": "docker-pullable://anakli/cca@sha256:c2a2f85fe345a655e84a629f04a1ca30482b9c0dd658bed193ed1d70a6395e5a",
                        "lastState": {},
                        "name": "parsec-freqmine",
                        "ready": false,
                        "restartCount": 0,
                        "started": false,
                        "state": {
                            "terminated": {
                                "containerID": "docker://bb854f8d5b1a614ffb02df6543730c46c919eec757d0fdba7f9cbdc15fe61c7e",
                                "exitCode": 0,
                                "finishedAt": "2023-05-19T13:25:31Z",
                                "reason": "Completed",
                                "startedAt": "2023-05-19T13:23:06Z"
                            }
                        }
                    }
                ],
                "hostIP": "10.0.16.2",
                "phase": "Succeeded",
                "podIP": "100.96.6.8",
                "podIPs": [
                    {
                        "ip": "100.96.6.8"
                    }
                ],
                "qosClass": "Burstable",
                "startTime": "2023-05-19T13:23:04Z"
            }
        },
        {
            "apiVersion": "v1",
            "kind": "Pod",
            "metadata": {
                "annotations": {
                    "kubernetes.io/limit-ranger": "LimitRanger plugin set: cpu request for container parsec-radix"
                },
                "creationTimestamp": "2023-05-19T13:23:04Z",
                "generateName": "parsec-radix-",
                "labels": {
                    "controller-uid": "bd320f8b-d7c9-43aa-b7e7-911b726c6146",
                    "job-name": "parsec-radix"
                },
                "name": "parsec-radix-c5gz2",
                "namespace": "default",
                "ownerReferences": [
                    {
                        "apiVersion": "batch/v1",
                        "blockOwnerDeletion": true,
                        "controller": true,
                        "kind": "Job",
                        "name": "parsec-radix",
                        "uid": "bd320f8b-d7c9-43aa-b7e7-911b726c6146"
                    }
                ],
                "resourceVersion": "22758",
                "uid": "90382c71-375d-4541-a331-f6ce0ec1648c"
            },
            "spec": {
                "containers": [
                    {
                        "args": [
                            "-c",
                            "taskset -c 0 ./run -a run -S splash2x -p radix -i native -n 1"
                        ],
                        "command": [
                            "/bin/sh"
                        ],
                        "image": "anakli/cca:splash2x_radix",
                        "imagePullPolicy": "Always",
                        "name": "parsec-radix",
                        "resources": {
                            "requests": {
                                "cpu": "100m"
                            }
                        },
                        "terminationMessagePath": "/dev/termination-log",
                        "terminationMessagePolicy": "File",
                        "volumeMounts": [
                            {
                                "mountPath": "/var/run/secrets/kubernetes.io/serviceaccount",
                                "name": "kube-api-access-fx59p",
                                "readOnly": true
                            }
                        ]
                    }
                ],
                "dnsPolicy": "ClusterFirst",
                "enableServiceLinks": true,
                "nodeName": "node-a-2core-nsb6",
                "nodeSelector": {
                    "cca-project-nodetype": "node-a-2core"
                },
                "preemptionPolicy": "PreemptLowerPriority",
                "priority": 0,
                "restartPolicy": "Never",
                "schedulerName": "default-scheduler",
                "securityContext": {},
                "serviceAccount": "default",
                "serviceAccountName": "default",
                "terminationGracePeriodSeconds": 30,
                "tolerations": [
                    {
                        "effect": "NoExecute",
                        "key": "node.kubernetes.io/not-ready",
                        "operator": "Exists",
                        "tolerationSeconds": 300
                    },
                    {
                        "effect": "NoExecute",
                        "key": "node.kubernetes.io/unreachable",
                        "operator": "Exists",
                        "tolerationSeconds": 300
                    }
                ],
                "volumes": [
                    {
                        "name": "kube-api-access-fx59p",
                        "projected": {
                            "defaultMode": 420,
                            "sources": [
                                {
                                    "serviceAccountToken": {
                                        "expirationSeconds": 3607,
                                        "path": "token"
                                    }
                                },
                                {
                                    "configMap": {
                                        "items": [
                                            {
                                                "key": "ca.crt",
                                                "path": "ca.crt"
                                            }
                                        ],
                                        "name": "kube-root-ca.crt"
                                    }
                                },
                                {
                                    "downwardAPI": {
                                        "items": [
                                            {
                                                "fieldRef": {
                                                    "apiVersion": "v1",
                                                    "fieldPath": "metadata.namespace"
                                                },
                                                "path": "namespace"
                                            }
                                        ]
                                    }
                                }
                            ]
                        }
                    }
                ]
            },
            "status": {
                "conditions": [
                    {
                        "lastProbeTime": null,
                        "lastTransitionTime": "2023-05-19T13:23:04Z",
                        "reason": "PodCompleted",
                        "status": "True",
                        "type": "Initialized"
                    },
                    {
                        "lastProbeTime": null,
                        "lastTransitionTime": "2023-05-19T13:24:45Z",
                        "reason": "PodCompleted",
                        "status": "False",
                        "type": "Ready"
                    },
                    {
                        "lastProbeTime": null,
                        "lastTransitionTime": "2023-05-19T13:24:45Z",
                        "reason": "PodCompleted",
                        "status": "False",
                        "type": "ContainersReady"
                    },
                    {
                        "lastProbeTime": null,
                        "lastTransitionTime": "2023-05-19T13:23:04Z",
                        "status": "True",
                        "type": "PodScheduled"
                    }
                ],
                "containerStatuses": [
                    {
                        "containerID": "docker://d419d18422f86ade0dd4bd5ae1774f06f2f9298f906a5d72d25dfed313a16a57",
                        "image": "anakli/cca:splash2x_radix",
                        "imageID": "docker-pullable://anakli/cca@sha256:dbf0e10e749cf6544504ec0c90a206b8fcdc7fced6c23df536f5857f3f0ed319",
                        "lastState": {},
                        "name": "parsec-radix",
                        "ready": false,
                        "restartCount": 0,
                        "started": false,
                        "state": {
                            "terminated": {
                                "containerID": "docker://d419d18422f86ade0dd4bd5ae1774f06f2f9298f906a5d72d25dfed313a16a57",
                                "exitCode": 0,
                                "finishedAt": "2023-05-19T13:24:45Z",
                                "reason": "Completed",
                                "startedAt": "2023-05-19T13:23:06Z"
                            }
                        }
                    }
                ],
                "hostIP": "10.0.16.6",
                "phase": "Succeeded",
                "podIP": "100.96.2.25",
                "podIPs": [
                    {
                        "ip": "100.96.2.25"
                    }
                ],
                "qosClass": "Burstable",
                "startTime": "2023-05-19T13:23:04Z"
            }
        },
        {
            "apiVersion": "v1",
            "kind": "Pod",
            "metadata": {
                "annotations": {
                    "kubernetes.io/limit-ranger": "LimitRanger plugin set: cpu request for container parsec-vips"
                },
                "creationTimestamp": "2023-05-19T13:23:04Z",
                "generateName": "parsec-vips-",
                "labels": {
                    "controller-uid": "52b61835-6952-4a73-8125-c339872a8e95",
                    "job-name": "parsec-vips"
                },
                "name": "parsec-vips-ndrkq",
                "namespace": "default",
                "ownerReferences": [
                    {
                        "apiVersion": "batch/v1",
                        "blockOwnerDeletion": true,
                        "controller": true,
                        "kind": "Job",
                        "name": "parsec-vips",
                        "uid": "52b61835-6952-4a73-8125-c339872a8e95"
                    }
                ],
                "resourceVersion": "22643",
                "uid": "115ef91f-98fc-4078-8630-5d7503c0bc90"
            },
            "spec": {
                "containers": [
                    {
                        "args": [
                            "-c",
                            "taskset -c 4-7 ./run -a run -S parsec -p vips -i native -n 4"
                        ],
                        "command": [
                            "/bin/sh"
                        ],
                        "image": "anakli/cca:parsec_vips",
                        "imagePullPolicy": "Always",
                        "name": "parsec-vips",
                        "resources": {
                            "requests": {
                                "cpu": "100m"
                            }
                        },
                        "terminationMessagePath": "/dev/termination-log",
                        "terminationMessagePolicy": "File",
                        "volumeMounts": [
                            {
                                "mountPath": "/var/run/secrets/kubernetes.io/serviceaccount",
                                "name": "kube-api-access-59t2d",
                                "readOnly": true
                            }
                        ]
                    }
                ],
                "dnsPolicy": "ClusterFirst",
                "enableServiceLinks": true,
                "nodeName": "node-c-8core-3f28",
                "nodeSelector": {
                    "cca-project-nodetype": "node-c-8core"
                },
                "preemptionPolicy": "PreemptLowerPriority",
                "priority": 0,
                "restartPolicy": "Never",
                "schedulerName": "default-scheduler",
                "securityContext": {},
                "serviceAccount": "default",
                "serviceAccountName": "default",
                "terminationGracePeriodSeconds": 30,
                "tolerations": [
                    {
                        "effect": "NoExecute",
                        "key": "node.kubernetes.io/not-ready",
                        "operator": "Exists",
                        "tolerationSeconds": 300
                    },
                    {
                        "effect": "NoExecute",
                        "key": "node.kubernetes.io/unreachable",
                        "operator": "Exists",
                        "tolerationSeconds": 300
                    }
                ],
                "volumes": [
                    {
                        "name": "kube-api-access-59t2d",
                        "projected": {
                            "defaultMode": 420,
                            "sources": [
                                {
                                    "serviceAccountToken": {
                                        "expirationSeconds": 3607,
                                        "path": "token"
                                    }
                                },
                                {
                                    "configMap": {
                                        "items": [
                                            {
                                                "key": "ca.crt",
                                                "path": "ca.crt"
                                            }
                                        ],
                                        "name": "kube-root-ca.crt"
                                    }
                                },
                                {
                                    "downwardAPI": {
                                        "items": [
                                            {
                                                "fieldRef": {
                                                    "apiVersion": "v1",
                                                    "fieldPath": "metadata.namespace"
                                                },
                                                "path": "namespace"
                                            }
                                        ]
                                    }
                                }
                            ]
                        }
                    }
                ]
            },
            "status": {
                "conditions": [
                    {
                        "lastProbeTime": null,
                        "lastTransitionTime": "2023-05-19T13:23:04Z",
                        "reason": "PodCompleted",
                        "status": "True",
                        "type": "Initialized"
                    },
                    {
                        "lastProbeTime": null,
                        "lastTransitionTime": "2023-05-19T13:24:15Z",
                        "reason": "PodCompleted",
                        "status": "False",
                        "type": "Ready"
                    },
                    {
                        "lastProbeTime": null,
                        "lastTransitionTime": "2023-05-19T13:24:15Z",
                        "reason": "PodCompleted",
                        "status": "False",
                        "type": "ContainersReady"
                    },
                    {
                        "lastProbeTime": null,
                        "lastTransitionTime": "2023-05-19T13:23:04Z",
                        "status": "True",
                        "type": "PodScheduled"
                    }
                ],
                "containerStatuses": [
                    {
                        "containerID": "docker://3bb7cfc24dd42dec9a51f87bd914c765030f1a027c8ff4de0d8f4fcea7f42820",
                        "image": "anakli/cca:parsec_vips",
                        "imageID": "docker-pullable://anakli/cca@sha256:5c719838bc3d4d72143f27ca60bb5fe6f5f5b60be53b3972e73350596aa03547",
                        "lastState": {},
                        "name": "parsec-vips",
                        "ready": false,
                        "restartCount": 0,
                        "started": false,
                        "state": {
                            "terminated": {
                                "containerID": "docker://3bb7cfc24dd42dec9a51f87bd914c765030f1a027c8ff4de0d8f4fcea7f42820",
                                "exitCode": 0,
                                "finishedAt": "2023-05-19T13:24:13Z",
                                "reason": "Completed",
                                "startedAt": "2023-05-19T13:23:08Z"
                            }
                        }
                    }
                ],
                "hostIP": "10.0.16.5",
                "phase": "Succeeded",
                "podIP": "100.96.1.23",
                "podIPs": [
                    {
                        "ip": "100.96.1.23"
                    }
                ],
                "qosClass": "Burstable",
                "startTime": "2023-05-19T13:23:04Z"
            }
        },
        {
            "apiVersion": "v1",
            "kind": "Pod",
            "metadata": {
                "annotations": {
                    "kubernetes.io/limit-ranger": "LimitRanger plugin set: cpu request for container memcached"
                },
                "creationTimestamp": "2023-05-19T13:21:00Z",
                "labels": {
                    "name": "some-memcached"
                },
                "name": "some-memcached",
                "namespace": "default",
                "resourceVersion": "21907",
                "uid": "e106d0ef-d487-4e39-9e1c-0732bfba7200"
            },
            "spec": {
                "containers": [
                    {
                        "args": [
                            "-c",
                            "taskset -c 1 ./memcached -t 1 -u memcache"
                        ],
                        "command": [
                            "/bin/sh"
                        ],
                        "image": "anakli/memcached:t1",
                        "imagePullPolicy": "Always",
                        "name": "memcached",
                        "resources": {
                            "requests": {
                                "cpu": "100m"
                            }
                        },
                        "terminationMessagePath": "/dev/termination-log",
                        "terminationMessagePolicy": "File",
                        "volumeMounts": [
                            {
                                "mountPath": "/var/run/secrets/kubernetes.io/serviceaccount",
                                "name": "kube-api-access-95jvp",
                                "readOnly": true
                            }
                        ]
                    }
                ],
                "dnsPolicy": "ClusterFirst",
                "enableServiceLinks": true,
                "nodeName": "node-a-2core-nsb6",
                "nodeSelector": {
                    "cca-project-nodetype": "node-a-2core"
                },
                "preemptionPolicy": "PreemptLowerPriority",
                "priority": 0,
                "restartPolicy": "Always",
                "schedulerName": "default-scheduler",
                "securityContext": {},
                "serviceAccount": "default",
                "serviceAccountName": "default",
                "terminationGracePeriodSeconds": 30,
                "tolerations": [
                    {
                        "effect": "NoExecute",
                        "key": "node.kubernetes.io/not-ready",
                        "operator": "Exists",
                        "tolerationSeconds": 300
                    },
                    {
                        "effect": "NoExecute",
                        "key": "node.kubernetes.io/unreachable",
                        "operator": "Exists",
                        "tolerationSeconds": 300
                    }
                ],
                "volumes": [
                    {
                        "name": "kube-api-access-95jvp",
                        "projected": {
                            "defaultMode": 420,
                            "sources": [
                                {
                                    "serviceAccountToken": {
                                        "expirationSeconds": 3607,
                                        "path": "token"
                                    }
                                },
                                {
                                    "configMap": {
                                        "items": [
                                            {
                                                "key": "ca.crt",
                                                "path": "ca.crt"
                                            }
                                        ],
                                        "name": "kube-root-ca.crt"
                                    }
                                },
                                {
                                    "downwardAPI": {
                                        "items": [
                                            {
                                                "fieldRef": {
                                                    "apiVersion": "v1",
                                                    "fieldPath": "metadata.namespace"
                                                },
                                                "path": "namespace"
                                            }
                                        ]
                                    }
                                }
                            ]
                        }
                    }
                ]
            },
            "status": {
                "conditions": [
                    {
                        "lastProbeTime": null,
                        "lastTransitionTime": "2023-05-19T13:21:00Z",
                        "status": "True",
                        "type": "Initialized"
                    },
                    {
                        "lastProbeTime": null,
                        "lastTransitionTime": "2023-05-19T13:21:04Z",
                        "status": "True",
                        "type": "Ready"
                    },
                    {
                        "lastProbeTime": null,
                        "lastTransitionTime": "2023-05-19T13:21:04Z",
                        "status": "True",
                        "type": "ContainersReady"
                    },
                    {
                        "lastProbeTime": null,
                        "lastTransitionTime": "2023-05-19T13:21:00Z",
                        "status": "True",
                        "type": "PodScheduled"
                    }
                ],
                "containerStatuses": [
                    {
                        "containerID": "docker://fea118a3d629a777ac897b62e7ba063fc8dc30496cb000902c2f6c9595b37505",
                        "image": "anakli/memcached:t1",
                        "imageID": "docker-pullable://anakli/memcached@sha256:04a3fa6ff86d7f3fcd0eb378e0f41fa3ba84b890d3a745fcea9704659d075b27",
                        "lastState": {},
                        "name": "memcached",
                        "ready": true,
                        "restartCount": 0,
                        "started": true,
                        "state": {
                            "running": {
                                "startedAt": "2023-05-19T13:21:03Z"
                            }
                        }
                    }
                ],
                "hostIP": "10.0.16.6",
                "phase": "Running",
                "podIP": "100.96.2.24",
                "podIPs": [
                    {
                        "ip": "100.96.2.24"
                    }
                ],
                "qosClass": "Burstable",
                "startTime": "2023-05-19T13:21:00Z"
            }
        }
    ],
    "kind": "List",
    "metadata": {
        "resourceVersion": ""
    }
}
